followers_count,posts_per_week,avg_likes_per_post,avg_comments_per_post,engagement_rate,influencer_id,is_fake
5609.434159508863,3.3375745487989334,282.03885861685416,24.123283223206485,6.732432008046273,INF_00000,False
2920.031787519009,4.407481861313717,319.67760966569574,15.379688901154797,6.374451758962909,INF_00001,False
6500.9023916129145,3.0905849069017455,382.05284754174187,30.195577735529913,8.516907357125536,INF_00002,False
6881.129432782428,3.643938793276858,260.6258827775428,14.979299708504643,8.568920051547744,INF_00003,False
1097.929622692327,0.9498278989689775,352.1167255732113,14.907077735182114,9.930996667407598,INF_00004,False
2395.640986275364,2.951281598069882,273.4161208084621,24.32905288643625,9.649969475513124,INF_00005,False
5255.680806334571,2.156769729707129,288.24578326718694,26.103411858695495,7.801657015203242,INF_00006,False
4367.514815312836,1.781186939576372,382.9519042024073,23.584794911489627,6.133691181708696,INF_00007,False
4966.3976849914225,2.1218476330712495,100.69396289458442,6.515221460921534,7.521340104483653,INF_00008,False
3293.91214485284,2.6658765592991878,170.3527671925239,24.304275519426007,8.325846792215787,INF_00009,False
6758.795949725657,3.915902542356013,151.78146025571792,11.725535586604808,7.696875131915894,INF_00010,False
63334.74816925507,15.0,3375.859938563973,67.51719877127947,5.330186092383856,INF_00011,True
5132.061395122432,3.0306314925944173,232.17355598448233,8.610124516807518,8.37932722245485,INF_00012,False
7254.482413936066,2.5158305666664216,374.94338997277407,23.570577180344507,7.2440633878840845,INF_00013,False
84026.89706429843,22.0,1552.3064248662167,31.046128497324336,1.8473922982998794,INF_00014,True
3281.4150742335232,4.002757825304604,319.7790081941852,9.738922797915826,8.467179251455159,INF_00015,False
5737.5015681649975,3.538115437003926,408.9217496710793,25.710561091859198,7.3970111298061925,INF_00016,False
3082.2347983420023,4.337398107442744,432.76861322676916,21.93315617341401,8.366156583467529,INF_00017,False
6756.900602614545,2.8454943207500993,293.086206527386,15.088185588856824,8.409806034278184,INF_00018,False
4900.148178027494,2.304057388329297,435.35858895693974,31.609430792168514,6.290856498362638,INF_00019,False
45128.86439184822,2.7761411831195004,7908.883746490918,7.908883746490918,17.52511137399577,INF_00020,True
3638.1409111921175,3.2424967912712215,216.2601776172538,20.256861391767476,10.156665409874694,INF_00021,False
7445.08267734806,3.176573358453711,240.55996478012648,22.151307581428807,6.256880730898569,INF_00022,False
4690.941035862395,1.9156119277666335,151.94634874349836,15.042672526971092,4.825018326544203,INF_00023,False
4143.344355673786,3.0904897816278742,211.18661462663476,23.769090347199434,5.207232270136233,INF_00024,False
4295.732899023541,3.228228330138905,264.1983311925571,15.732381222682204,8.043664919865003,INF_00025,False
6064.618371106697,5.517474037533921,380.3585019378602,16.706893422270326,8.046375917049048,INF_00026,False
5730.8881287281565,4.87684461128167,472.0769831165984,30.90114111842673,7.823583716862319,INF_00027,False
5825.465223191977,2.14675664944118,161.78184846229598,11.675311579900535,9.821284743392752,INF_00028,False
5861.642006015765,2.712616638450824,339.2827468259919,0.6977573525640786,3.9907483503455934,INF_00029,False
9283.295201740922,1.5365579981629969,195.94560608424655,32.88749596009515,8.593900811646236,INF_00030,False
4187.169967230769,2.4092929860365135,347.4697088463202,40.394623620856024,10.34215730270536,INF_00031,False
3975.5145418569255,3.3156050035903406,286.89133493122733,16.757845876405344,6.308328852662429,INF_00032,False
3372.4545435042446,4.205853620888234,116.90941741524696,4.505295675038518,7.430290232315158,INF_00033,False
6231.958845150992,2.2709161622563916,392.82969915684845,17.51612819043245,6.870662124157069,INF_00034,False
7257.944585441783,2.3458535599322037,239.4999287191269,17.710216401274646,6.658480930883707,INF_00035,False
4772.10508469025,0.8527109702613451,246.60997616264456,18.480609271821944,7.51060699246544,INF_00036,False
3319.687046074944,2.8373340794550925,193.024758871031,11.092895664625214,10.141227925526756,INF_00037,False
3351.037568617521,1.937585588140437,234.57167233124446,24.636489139811818,10.75608001323128,INF_00038,False
6301.185575649402,2.4705605726339264,342.78904406949175,24.19605900228869,7.496091162439779,INF_00039,False
6486.508342406884,2.1231392218324117,281.07556590635943,8.044755041445548,10.857590321096705,INF_00040,False
6086.30853661039,2.905737445747443,332.8662002282481,25.593573853559104,8.053364715476937,INF_00041,False
3668.9805854226115,1.2422716086433687,336.19218539288437,36.42147985556713,10.630536540051622,INF_00042,False
5464.32264613344,1.5329547546090094,432.0661655528167,21.37568265949648,7.860052025519762,INF_00043,False
5233.371618281457,5.129247112028298,265.7213849135621,17.30139870345195,8.196586739069216,INF_00044,False
5437.377193458025,1.712577418725969,152.3142183154268,18.86397428473983,8.548211708964251,INF_00045,False
6742.857555896379,1.9032144215453604,406.7222416571983,24.92205413574849,12.768280519051302,INF_00046,False
5447.191097549365,4.836913528321314,266.85118279027455,6.154627155942254,9.276928362267183,INF_00047,False
6357.827126143789,5.905067169240407,411.45924445773767,21.315125623818417,6.939103205072804,INF_00048,False
87780.75180867527,0.0,1320.6349259510048,26.412698519020097,1.504469828225472,INF_00049,True
5578.238797379969,2.6317510432119695,286.8862469796655,34.78260010364836,7.457251194373487,INF_00050,False
6262.5764516770805,3.3415555509405097,334.87758940462953,18.60661812956034,7.265374725648186,INF_00051,False
2085.688360288667,4.728697644405592,495.10125601262996,33.34310088895616,9.362902039838167,INF_00052,False
4360.657567285398,2.0131429215717627,507.69805290537533,11.170074417743942,8.04662838165673,INF_00053,False
4059.254691414409,2.75472215405789,306.93811351327787,24.69807333442234,8.41786387176771,INF_00054,False
3722.2443035133165,3.7773375760617443,316.0190593317075,22.55520211032983,8.02097783279794,INF_00055,False
313649.59129896946,3.4347660744666184,1969.6793902165427,9.848396951082714,0.6279872331601583,INF_00056,True
7989.882622468792,2.623843928769901,215.43389672326526,21.419168917095522,8.637448846154223,INF_00057,False
3268.3377686135136,2.866177035483959,333.3070372618255,29.700150694652805,5.0945496009418765,INF_00058,False
6936.556709182962,1.6251041916300182,297.41371520461433,17.409666365707196,8.9998590029143,INF_00059,False
1634.2604567683907,2.761826256025335,331.39082114575535,6.464298806641894,6.526970870254549,INF_00060,False
4330.22994002845,2.733612509991045,216.66311940505943,19.859497388180433,5.836551296660883,INF_00061,False
5325.506130210011,3.232169889626256,141.04325066910312,12.780615241659898,7.912383134211976,INF_00062,False
6172.444662718556,2.444672781180984,92.70165640087083,17.261272490688942,8.125971504971682,INF_00063,False
6422.45315958571,3.471538522545139,188.26158870103922,19.347297842519033,6.959740753141579,INF_00064,False
6586.694470399851,4.012715817819829,254.1324715060667,6.354782271875862,9.246547786501962,INF_00065,False
4302.5498555031245,3.155429327668466,270.68084133512383,7.074733285434576,5.98673725044364,INF_00066,False
4075.2964146708655,3.3517564083992033,493.7231162429517,23.856534684204203,7.389584376841162,INF_00067,False
6715.951762514308,3.053155347577867,410.5993369907298,15.818250430642557,7.122688797600499,INF_00068,False
4617.39135023677,3.0000843930914143,203.79088836583728,0.5179547345645368,7.9301190944909905,INF_00069,False
2448.627353324156,2.2784419664571525,334.7708452450957,26.27875229286508,8.418296426970858,INF_00070,False
2733.425571993039,3.316494261673308,259.2921763649675,22.17895804219392,6.488160575564683,INF_00071,False
3161.0954279967773,2.9027134015865106,271.5636161959905,14.289001407708128,9.086424016184342,INF_00072,False
5994.321488107528,5.093168308930595,318.5325649415382,9.465358311534068,8.094503552502049,INF_00073,False
5284.85147214113,4.573354902475242,361.9171116975393,26.6864631705147,5.1620806200321345,INF_00074,False
6380.970708135536,3.385846552556501,266.0741516115985,22.794804980483438,5.0621128394044534,INF_00075,False
4145.494707326931,2.2369427903052324,406.38515327343583,39.06081826147259,7.981521060606033,INF_00076,False
5317.079382153428,1.887588528016582,185.8061773857596,23.361508789799498,7.668549023320469,INF_00077,False
6251.180787934673,4.191142953088865,300.63390623622684,23.101625130096117,7.84486982963805,INF_00078,False
4381.306920559523,3.2627492251471386,559.7673726595832,18.66457655913148,7.958026315204673,INF_00079,False
5913.550475114823,3.4801434033916108,322.3079742625275,26.534206937606328,8.33833975926527,INF_00080,False
3676.1481178666972,1.2554140130258074,443.3214506606173,25.00068160998523,9.42147441477245,INF_00081,False
4273.892306869857,3.927438481558181,309.1520178173208,30.01380006852156,6.333342648623663,INF_00082,False
4236.524212003342,3.454420338214363,358.07770953297967,15.829416650901722,6.242042610648808,INF_00083,False
2608.3207088219206,1.889569315585522,294.32168056073084,16.5167402164483,6.360014213168926,INF_00084,False
5973.944961571164,2.528475192550051,282.9592418835796,16.16717463270416,8.43337500075306,INF_00085,False
4061.1953195945525,3.2637172043565195,222.05176032745806,26.326413769431912,9.86742106796967,INF_00086,False
5024.9882374553745,3.0524667983562437,343.03013589575534,31.986995522373856,7.352990842640734,INF_00087,False
5961.493317811818,2.707828814196445,214.8462810814232,16.329276054805597,4.247450233760518,INF_00088,False
5893.062352059888,2.896511731934039,366.5585236313429,16.60181017765527,5.444010706084437,INF_00089,False
6330.770217945573,2.7480226217931145,408.528700444591,22.512617790958394,6.750444915805982,INF_00090,False
4803.029030981153,3.1525625121024685,336.65314072372297,18.03390799989679,7.163406668757178,INF_00091,False
4153.403375911693,4.471491972993157,271.3751266444308,27.61642922511912,7.387417059117911,INF_00092,False
4840.5635781872015,0.4333415590687024,345.3965579308696,1.985781675047626,8.057871684471376,INF_00093,False
1625.3311320839402,2.7631497354903156,269.13269444535877,13.386359624664843,7.532380503766329,INF_00094,False
2105.7750551538256,3.176512421372447,393.5547125465149,13.740669328308433,9.57400941581511,INF_00095,False
2354.600775291195,3.2959939896870996,116.85939157848765,1.437151900910841,6.985974041477947,INF_00096,False
3005.5063447970365,2.62808541867871,266.4392631881354,12.290892445049568,6.706523060786686,INF_00097,False
5799.548453446873,1.2432782175214174,100.91880048760024,12.67875107323259,8.718313307780692,INF_00098,False
3189.0418892798784,3.3279954837141097,150.4939169772795,18.39116276384936,5.696536895110821,INF_00099,False
4243.6748919212205,4.7273502141641845,436.3862229813909,28.90372713328211,8.584537557980003,INF_00100,False
7598.456595572131,1.4661385950838624,389.5184981971686,18.03951479047438,8.1538297755894,INF_00101,False
4287.4720578771485,3.863828013698188,228.05197667152095,11.75349023783077,7.778836265122749,INF_00102,False
6475.0311369341725,2.671474776877106,149.7496543959103,19.54436367029177,10.382414160723894,INF_00103,False
3132.764639980246,2.9386756541711527,3.547116215834876,28.393388971530797,7.066688832057923,INF_00104,False
4589.12488426474,1.947101489296051,245.65044920673654,12.192329471080761,11.090447255786117,INF_00105,False
3099.9558901788378,2.6655438276441235,542.0415012247403,12.715400928628412,7.661852826157851,INF_00106,False
4321.933848198875,4.300044594698958,343.48842714636476,24.46839167419379,6.084475332544658,INF_00107,False
6680.616274914792,3.582655241987707,244.04277139505103,18.227711074153596,8.104879371492238,INF_00108,False
1545.3591536153026,4.732311605409944,346.50802095003064,25.179877525675796,6.385632199521847,INF_00109,False
5868.847287091715,4.177411888977693,143.90416470055573,19.890825665637625,6.87236622827975,INF_00110,False
5475.471204664555,3.439086678929576,270.26766373023645,25.613309184716535,8.595549950023237,INF_00111,False
3811.700088606411,4.743934526167792,309.9477473015738,11.719375087674873,8.833373132975186,INF_00112,False
224989.40521478993,3.438993158738299,369.38291327192616,1.846914566359631,0.16417791447525654,INF_00113,True
5144.259015427739,3.827988176797059,379.0806121690081,18.314479885094745,9.481107717569602,INF_00114,False
3941.014581872395,2.7034290464652915,334.46452262360526,10.272872607166954,9.736261637031701,INF_00115,False
5465.352422709408,3.0665458158592047,366.8326018107997,7.4921764170504925,10.154452634844937,INF_00116,False
5043.704291046885,2.302576176699723,231.16277177692405,25.485992282197294,8.794120110688583,INF_00117,False
8203.55778264183,3.989583934594853,389.78154084105483,17.192380942256175,10.045143068128548,INF_00118,False
4521.288745053951,1.8216963768851344,462.89369476239915,11.821757746821364,5.178802358038913,INF_00119,False
2953.00501475627,3.7823503424176614,202.98504803485872,19.23056850461334,7.523140177057306,INF_00120,False
46794.59621662452,2.8093489424948404,8815.456739236077,4407.728369618038,18.838621234013868,INF_00121,True
51455.14805335595,4.171247093467319,8489.3638509747,4244.68192548735,16.498570448522916,INF_00122,True
7718.375150480873,3.75086898873126,280.865601330494,8.026890480773389,7.142826171204894,INF_00123,False
6670.222491829157,4.820646157646801,440.38213920665567,12.61690846483786,7.750763237075401,INF_00124,False
78599.74282374399,16.0,3865.8815438333886,77.31763087666778,4.9184404489750495,INF_00125,True
7926.605782439124,1.4279597443467593,445.5045576270711,22.26069586335437,7.745420305369432,INF_00126,False
2622.4738913542983,2.933046827101799,313.1485816805452,26.138537923689814,8.620688475785322,INF_00127,False
3720.4969345005047,1.827992807405184,325.8228823322695,10.878712646990156,7.651596005113647,INF_00128,False
3146.8481171889503,2.4817201576337253,456.4718021669904,11.04371299783579,8.11356993193525,INF_00129,False
4220.380393688464,4.511228433276722,263.8229522555829,23.582509733781684,8.009025020654107,INF_00130,False
2246.6277048873826,3.637533810897696,205.88779040750416,20.466194647483572,8.67248609895974,INF_00131,False
6270.301893628808,2.3010695714212535,255.14357919716457,24.38991055091301,9.747961303320766,INF_00132,False
4555.554605802453,1.986282633559601,345.23339506431387,18.498632072572384,10.471090996404994,INF_00133,False
2058.387410994684,3.032782092876261,143.42409278194856,22.225149811637017,8.46443012286375,INF_00134,False
2968.841837584917,1.7834398506188722,363.74709026511215,21.264952679240874,8.884320329053404,INF_00135,False
5627.027694900391,2.328859722603419,246.1228682382257,26.222139112679404,6.27370323622165,INF_00136,False
6676.253135788762,3.312009471551244,414.78126607335633,26.456066255555765,7.868184886376569,INF_00137,False
8993.461783383573,4.155312036106697,60.57396950995283,7.041024044865841,9.410434197325383,INF_00138,False
10827.724932014658,3.60876147222444,221.34342248958313,2.0218515572731555,9.29895295762573,INF_00139,False
5828.818866551993,0.7087104914019,131.3531848765898,28.013963181212056,8.317414599192576,INF_00140,False
3020.9237599362714,3.3043667290302596,217.37705336360474,29.50180074609549,9.32959093935193,INF_00141,False
735.9074385373815,3.072033573232578,324.7665901108943,11.8350158438933,8.736150063490728,INF_00142,False
5535.422924687671,3.413890285372693,282.0773374550245,5.121316747634971,9.800459387388983,INF_00143,False
3374.117809379348,4.616209681651207,274.6622431051985,20.792278568057608,8.434038735435667,INF_00144,False
4169.285479640629,0.9367617231952572,284.08151286199393,27.446705810804236,7.466452526643448,INF_00145,False
3775.806401880384,2.408896574808894,320.33882406199433,34.38075617947452,8.503761885399536,INF_00146,False
4718.41822716723,3.5909063227933546,199.14639580568922,24.130380576811607,3.6041084362208364,INF_00147,False
7131.960461575287,1.4184056005460577,370.68496408990507,17.02626642731444,8.574328604577573,INF_00148,False
5314.09713489069,4.475949048053509,366.2665970385484,12.854955027321099,2.527380762177825,INF_00149,False
4682.730325922624,3.3683566127006586,338.5037937656101,20.091610333365235,5.414804888891873,INF_00150,False
2928.692494348377,3.846583985843404,355.6533442751263,17.60588236891795,8.677652901411477,INF_00151,False
1650.6341105912861,2.4290563384782056,329.64180008086595,11.879456754169471,8.716294005900194,INF_00152,False
4027.3841818533383,3.8137636899662106,503.50733027310673,36.390045206906294,6.256356829790104,INF_00153,False
4892.434898363359,4.0684715559890385,291.29058289474904,34.281347216577046,6.931846937181592,INF_00154,False
8535.859827159766,3.2328780201371683,269.29167816654234,29.088389468443427,10.055811482921198,INF_00155,False
5260.549042945771,3.234400892698696,224.6472419642622,12.63319681752698,7.2739548026409855,INF_00156,False
6965.4790220461155,3.270343239281726,196.77373294221633,26.84015459437823,11.364380468604477,INF_00157,False
4001.408802921696,2.136654735260618,175.55282123989247,25.117011275983216,7.997120220235481,INF_00158,False
301031.9849387916,2.852471319759647,460.59333709502914,2.3029666854751456,0.1530047835909134,INF_00159,True
3069.766475535256,2.847477467547641,292.93196183479284,29.997322136350217,10.42531159774791,INF_00160,False
3549.5478709284935,3.3833938643534953,333.42951284977147,25.08296914289022,8.19654067429013,INF_00161,False
9256.93946487033,3.9998242469102947,305.1142058552162,25.920113890434685,6.496484028963798,INF_00162,False
3357.2266415512277,1.9414639180215907,223.4464722570287,25.09525026697768,7.8354088224585645,INF_00163,False
6676.97840747269,2.8749909696804226,390.01845640199633,22.726331264016846,7.946583895714864,INF_00164,False
3194.1456438259474,4.481455547658973,373.94126723009475,5.731110962286532,5.952887521697652,INF_00165,False
6863.146025748489,2.2564117711874356,284.0351692577983,20.668968619284456,7.616251892988765,INF_00166,False
5769.9019322117265,2.17774998270968,234.7083855335288,15.550464329207,6.886711859003845,INF_00167,False
4686.724204683819,3.2023061918311937,354.84279208297994,9.761272338879836,9.386536635781152,INF_00168,False
4918.474947729132,3.84438519048532,318.79735874861046,33.45453295440659,8.051917811277884,INF_00169,False
3690.424609141219,3.0114260555606593,155.18727405849523,33.831962727085624,7.575806376278645,INF_00170,False
5892.144402964161,4.328960590436989,293.2019744015595,30.873764802364896,7.8407271040661355,INF_00171,False
4090.03303931844,3.856793982566527,326.2035812074381,22.041707334846997,8.334683027609248,INF_00172,False
2548.7884724655037,3.8418200668900617,210.03052135122462,30.805000967621254,8.92522129953467,INF_00173,False
2444.1248513607616,3.5541165013240934,318.9843392837443,20.096425444814603,6.500431656995928,INF_00174,False
5345.175835444239,5.327653100346085,154.5177514742211,21.622378215182234,6.437618551068092,INF_00175,False
8158.182512820869,2.794838311133956,433.6186100012171,11.252229036304136,9.657018823103796,INF_00176,False
5319.983227146877,0.9964777079334861,424.79499850594317,23.175930435990722,7.381494691692904,INF_00177,False
4762.723347780235,4.604254361517141,274.7482665697035,20.483087427395336,5.874736861104688,INF_00178,False
5571.6522792050855,2.5423005690431744,336.3454337839073,9.578783065324284,8.665719064074658,INF_00179,False
7612.0034834136495,3.1078804443430332,59.00780342001249,19.590423105467224,8.69505470904903,INF_00180,False
5438.765002727712,4.309550684860527,184.36523397346673,19.362163489145534,5.70392711411494,INF_00181,False
4178.145538332526,1.3977404589410747,270.622107984787,34.38048933315712,8.34422257319541,INF_00182,False
7212.577420119778,1.7483527858938606,192.7866978573141,27.153706628107276,9.10337463864256,INF_00183,False
5857.512876923227,1.3987220628811463,371.43964826306586,20.091563512731728,8.561579677559395,INF_00184,False
8071.511983991984,2.205863709974576,499.7296530747994,21.990298478408665,8.947972225642093,INF_00185,False
5366.468874443813,3.4396366060169936,182.33852805706982,20.353699024833585,5.893596352863876,INF_00186,False
2551.0619365589996,3.524187842812771,216.25365959148073,18.376688121635617,8.496560232494293,INF_00187,False
2263.68160150867,3.2762741793285537,323.544836830993,11.340582420893705,7.54607036079433,INF_00188,False
8301.855864462499,1.5872341161076335,461.11161484996205,18.791584979144567,7.275814761913033,INF_00189,False
8447.331441566594,0.6898965633673559,177.7625687460097,14.031213946779893,9.305833414129589,INF_00190,False
4640.961573434799,3.0543535853903823,324.9036122306942,9.997475688614829,10.218911766011345,INF_00191,False
4233.625357728024,2.528223966361664,482.1298850813109,24.089774516380277,10.691555081900539,INF_00192,False
7922.888584484404,3.4593857717166117,134.82408518207328,23.13011727946588,9.972211807258859,INF_00193,False
2785.908635913024,3.70195362622127,171.8930793154168,5.706339909055377,7.8353987275547246,INF_00194,False
3210.545962088347,3.138241432058682,257.63933935391617,19.01852290003898,8.529080244539514,INF_00195,False
230722.00614462374,3.7601330853758537,1444.8911775371796,7.224455887685898,0.6262476656134296,INF_00196,True
4210.7897542808205,3.2292113741150685,381.2601287753645,28.473789911170567,8.181766923949192,INF_00197,False
4989.756266559857,3.5300647056014665,324.1659719820838,28.20669474308191,8.196146281867316,INF_00198,False
4673.114202950975,2.2953267371301176,122.50379403578717,20.31130565521168,9.235629697814273,INF_00199,False
48814.347079481355,2.354917733416642,2591.2653708763287,48.90130267594164,6.960293717653022,INF_00200,False
35414.26127252677,4.027611738601906,1838.0076122517848,72.65379641039178,7.442454604969711,INF_00201,False
41710.53868328283,5.8404534189491715,1897.9652424757826,75.29079618676073,6.695573237143333,INF_00202,False
62678.207554674846,4.795206586777807,1754.1721925172578,21.56472701310854,6.590351071631998,INF_00203,False
50059.86582399911,3.6988727591888155,1709.6742986272077,43.752891166882605,7.092354038254458,INF_00204,False
56804.19953736676,3.651575076550982,2347.3353058142043,77.16242191734521,5.079084074104818,INF_00205,False
63401.5848440438,3.5753258711745826,2127.9534250521115,60.1615821039813,7.477035127226458,INF_00206,False
42503.170742047805,3.240980742682115,2325.87407070152,53.90526062959545,6.999436902877041,INF_00207,False
65124.96327259612,9.563265754552123,1995.6026552572143,45.646306131306865,7.039693526597562,INF_00208,False
57576.852069167886,5.59502214237111,2256.5999055385905,42.32398148584509,7.960734307594464,INF_00209,False
25303.738261770428,6.773518108809477,1790.5756280374808,55.764381261806484,5.047184469951752,INF_00210,False
78846.09582372489,4.021845063762153,3114.865920704774,44.952517500310336,5.0261661301410365,INF_00211,False
39985.10512486168,4.628086645627902,1216.0347917847507,49.148427579111114,7.27380384532352,INF_00212,False
16898.093136296324,3.5728920372592903,2630.4686617814923,51.571974122300745,6.9928831448714845,INF_00213,False
29099.125808273955,0.30341666983840376,2683.9537253604854,36.438569430130016,7.170176943191932,INF_00214,False
29579.09678643356,2.2439814463042675,1573.9205970172031,60.642587477628766,6.537872924827554,INF_00215,False
51043.466373150666,1.3787626400392106,3114.6368052779867,108.28489296830838,7.664353674239932,INF_00216,False
44522.98988907526,0.5004324440967851,2497.7451414726593,14.460267213478495,7.93263884299112,INF_00217,False
43263.36064718814,2.6092820514037944,2485.569503411456,56.480250483799594,7.483982293951527,INF_00218,False
62394.03930964958,7.649911358763262,2014.0110935129383,34.796198227621886,6.739171541595417,INF_00219,False
56797.507223854074,4.911127664591291,1891.3869208906617,61.548051550385,4.892310612385597,INF_00220,False
56320.95741288573,7.581127524642348,1895.2955864801959,50.931149466557216,7.769236208037128,INF_00221,False
58196.56914657385,5.8219651538017505,2195.2652981597585,65.23709548084926,8.221728666217594,INF_00222,False
217947.82203257355,6.5651176514303184,1109.8156521423812,5.549078260711906,0.509211627715423,INF_00223,True
7840.93316445114,3.1982060093908498,2090.65710893071,53.848422355363624,6.120357572632494,INF_00224,False
42711.23495471077,6.047901908385342,1544.278188431355,72.64104576828356,7.673794393667758,INF_00225,False
6395.798710210518,6.4574284681486915,2412.21353119249,3.114042124226451,7.860529707961446,INF_00226,False
50721.19853595591,3.846705415532614,2460.575373197396,81.80904595832047,8.558816247799086,INF_00227,False
49907.340555513096,6.119080741232333,2327.329764223893,57.501243037846805,6.123890075772042,INF_00228,False
113647.67170680196,24.0,2246.769918216159,44.935398364323184,1.976960798644929,INF_00229,True
73752.68785442242,3.9008947577398345,1864.535934921096,25.602485103169567,7.747272051143455,INF_00230,False
54055.500965047344,2.75446313545801,1535.5054164347102,33.38460236789329,7.057410071438158,INF_00231,False
39992.778452062004,2.6317433362034555,1565.9032846796101,52.918765882895485,5.882672397948725,INF_00232,False
59703.222250914754,5.1730110838429235,1182.268375771071,49.65924221325074,7.414616285026703,INF_00233,False
39441.64725351373,5.654019737578629,2118.4743057729747,55.66137176019979,7.578661633815167,INF_00234,False
49972.14697113302,3.4149483390841713,1958.2756083867032,71.69030321859933,7.087962896331002,INF_00235,False
41346.57167898166,5.053170682652198,10091.280240418531,10.09128024041853,24.406570679591287,INF_00236,True
38844.57308021153,6.141074072276971,522.1905878274652,69.47638143434618,6.7412940983142695,INF_00237,False
66113.57278485002,6.236381429330602,1376.3412651529156,50.16563819915854,8.478278935716059,INF_00238,False
63548.027373846046,8.103760240244977,2560.4203257015834,45.924362777509046,6.0993078162873235,INF_00239,False
30904.16365738357,7.553961664396087,1667.6869999684345,20.577695312302193,6.412679237236221,INF_00240,False
69477.88256434802,2.997417134486912,2180.2958388284205,60.0609733675373,7.010985513527525,INF_00241,False
63971.326907430106,8.367172419076045,1304.6572850123719,1.717842979379256,7.8789540277008925,INF_00242,False
52038.51774745315,3.9380469908885702,2719.352741179616,62.967880224774255,5.502626829905463,INF_00243,False
34753.530839446954,7.089745624908855,1927.9861699726619,20.157883290540163,5.689703250234561,INF_00244,False
32815.879628488605,5.135973252102177,2145.0201982417675,51.06915825234948,4.962271492265282,INF_00245,False
39246.748461939555,4.175701243086065,3162.8898959408425,47.61662325344159,7.032695225253271,INF_00246,False
60851.8892658392,1.3846062804501345,2758.2200502947017,73.39076294587767,5.881694182793456,INF_00247,False
30887.49665197204,4.656870979567303,1846.7171893564712,46.4268966197222,6.6154498899820835,INF_00248,False
58750.2449723974,1.881233529388782,1703.3899075648205,36.11722877708669,7.661378189891708,INF_00249,False
25164.88942243215,6.934598471685545,1837.2274942402341,39.86794608057594,6.358457279217154,INF_00250,False
45918.62831122302,8.033585314278497,2254.949124238268,75.45765537509327,7.231282022743365,INF_00251,False
52192.95509148017,3.4061780214066193,1947.3879328745645,60.72593938361787,6.700662092248278,INF_00252,False
271750.30889944674,5.6039414850385425,2168.6350451325907,10.843175225662954,0.7980248684593144,INF_00253,True
22453.686889592653,3.549216955984049,2733.590625354521,45.27107160070973,7.475128067348009,INF_00254,False
79440.29132980267,3.743030539726421,1942.8950541110817,18.65645818829106,6.30806630382539,INF_00255,False
52996.8482797456,6.548989407730742,3149.7945465186594,57.76948401703082,6.831348246599547,INF_00256,False
58223.43836031926,4.922923476313175,2045.3712818760864,14.803685846090687,8.043743397720494,INF_00257,False
52366.95826776409,8.479296083862023,2892.6591971123635,65.03592931670912,7.393376870254097,INF_00258,False
58894.53636390466,4.035535042594158,2178.6597113553134,52.572431849825314,5.603037942248869,INF_00259,False
46926.29791275965,6.9986726649489786,2481.4802866247237,97.73903599147845,7.655618061171383,INF_00260,False
79081.00362914917,5.194826825915564,1637.6944742411379,27.997288925513885,5.915389377563762,INF_00261,False
40870.577115505555,6.591556019488467,1573.120388706294,47.94675817918734,8.412513069961006,INF_00262,False
72644.69144358495,4.1056846853401066,2229.852977507494,85.96575401846125,8.024098839841026,INF_00263,False
37112.65759573954,4.900882324896835,2494.276621232658,73.8277928058283,7.289885475918401,INF_00264,False
48794.96307197426,4.769002241402131,2020.1282510002313,36.075758968402006,7.157232843436193,INF_00265,False
28560.748954195617,3.3278857703084257,1356.8033324581515,54.47934856746895,6.79096774397258,INF_00266,False
59100.474406950394,6.324163069163506,1319.8708168553364,50.039987128301746,7.678523951400028,INF_00267,False
78902.51913853068,6.300498011156728,1286.4317989068795,55.63911734788314,6.629221830537938,INF_00268,False
48452.876403582915,6.187109389811133,1116.1889435303096,36.0263912803034,7.235569870639894,INF_00269,False
46062.28602592181,8.07393130783529,2054.742679723544,48.21359194598531,7.871934366519451,INF_00270,False
27707.660738641465,7.898689602472607,2562.521960854013,18.038952494465725,6.43819345647441,INF_00271,False
45414.146928953836,4.250110620301729,1993.2921065375956,52.70246903736164,6.383807260009306,INF_00272,False
18144.114805569447,5.746104636868356,869.7926213310739,59.00041346843664,5.805634519275541,INF_00273,False
31742.440265623456,3.7527986214835747,1904.6197698327255,45.45161174712232,5.935527253873827,INF_00274,False
54535.72092218271,5.046710632229111,1918.6005016836964,17.698982188304242,5.171604688558498,INF_00275,False
76380.26395482793,3.8005011017622703,3047.9993751127195,69.77063725702925,7.72982878901553,INF_00276,False
106184.21722459006,8.240140618272102,1271.4310435402217,57.290500759856045,8.808914542082771,INF_00277,False
38268.29829858198,5.727396300685926,1804.661198700402,35.47969804598046,8.425328943470305,INF_00278,False
78706.0031329088,4.563941743791156,2852.9263402722822,44.38799106323872,5.373915511373483,INF_00279,False
54875.04960803296,7.387237143712754,2224.989170673274,19.986611944363226,7.7248546715562,INF_00280,False
46975.04706507248,0.6587691804091769,2281.6565367582125,29.49179744444191,8.422106349923556,INF_00281,False
58651.88903452305,0.9717948102694205,2057.292218511939,39.24377307285721,6.543190019261336,INF_00282,False
51238.32967359918,6.591677310439548,2164.9717693286325,74.56841624560303,7.101447430650049,INF_00283,False
52207.91451224437,5.120936896234736,2388.804765139268,37.20993218225048,4.99210694919533,INF_00284,False
41833.336743466614,5.500892600521521,1595.2568405536167,62.80427318657517,7.266736167976641,INF_00285,False
22037.806804022985,2.3472077933629025,2439.0292894541,39.2336759427684,5.936440270565282,INF_00286,False
19127.495949558368,4.953532578299267,1313.4984915572304,54.958951217037495,7.199635017911515,INF_00287,False
63064.897665624536,9.007018820802685,2164.183986415769,47.17208995712396,5.438797077811119,INF_00288,False
44465.998198285735,6.6483992395917255,2089.3704816431637,67.46113200185486,7.542858224477596,INF_00289,False
38078.22200687667,5.339413090285624,1691.853455903946,39.30377323562884,8.02451267542669,INF_00290,False
50170.11253446307,4.121892179790125,1988.6573623371767,18.54943499995118,6.216820138284833,INF_00291,False
65898.64505831256,4.210854296261212,1688.7299236672234,22.36101937272735,5.863077418589565,INF_00292,False
53607.278860527964,0.7416042215999648,1464.1493365691279,39.36245012114485,4.843976957450019,INF_00293,False
36878.901267180656,5.515280841842321,1823.1926291931777,25.018800586438946,6.733586465924823,INF_00294,False
74525.859112979,6.690966216963708,1448.0056823141692,58.20424031359103,6.418406065718395,INF_00295,False
81583.71005963263,1.8487613456587697,2161.398732046624,40.684636702838446,5.4489805876519455,INF_00296,False
109976.06541329097,3.677166215386368,966.2604631740293,4.831302315870146,0.8786097770845087,INF_00297,True
41841.73352015567,2.685070735533156,8762.542780161952,4381.271390080976,20.942112199870802,INF_00298,True
61482.56424515988,3.069297610382473,6916.033199547615,6.916033199547615,11.248771557364035,INF_00299,True
72601.98632809028,5.1069632536438005,1716.8525422094967,27.44093952988662,6.445427594359553,INF_00300,False
62281.98354225247,0.8311956900230513,1687.6982958924104,40.13197319234643,8.071304538929615,INF_00301,False
61966.940941497654,6.228540876714128,2662.5733644374195,52.82838946681088,7.602936943755222,INF_00302,False
60393.21146693005,6.507710139867364,2165.1449728082957,3.492572502514264,6.86997393850151,INF_00303,False
28053.24650905913,4.497794823926175,1894.133098727803,54.73652233576055,7.619105018464852,INF_00304,False
64014.46313719171,0.03858298003091676,2249.3597205348615,88.05814924548335,5.839088043613261,INF_00305,False
22883.72057746892,3.0071627479952205,946.403826335156,40.93123403262814,7.0323701007270305,INF_00306,False
34108.0108974989,7.465803868205393,1978.4332051795463,55.19615713611019,7.14732233048647,INF_00307,False
76071.30135616174,0.5559885614571449,2998.7570889023814,70.498433862508,6.530163491501273,INF_00308,False
66804.40325388395,4.304953175612962,2066.173253201336,46.72092999946007,7.435458335957418,INF_00309,False
79747.96579371725,2.639998443065482,2033.9565845846678,38.38079622937033,6.219566545355549,INF_00310,False
44566.51232625415,6.609140603169673,2274.064189821098,4.485271925564959,7.509820707776118,INF_00311,False
26955.023174464648,3.649772095713077,2447.802621657173,62.81981438789947,7.5518587715312915,INF_00312,False
45191.25605859314,5.807908041471223,1001.2666535550702,47.73663180542206,4.082840119302934,INF_00313,False
52040.62594481149,6.130920838338186,1158.8367591044866,29.746322972236765,8.190305703510118,INF_00314,False
51579.774326800194,8.672451679460039,2105.1456455430734,52.531934205553874,3.952367434647246,INF_00315,False
72673.60957513403,4.594116112649259,1642.5617190512453,38.32639286387637,6.3839509744438745,INF_00316,False
42774.59149993109,5.752088739245223,2656.012631109957,39.43147737768949,8.025348034257755,INF_00317,False
57040.689436058485,2.029889041745128,1842.4128050573881,62.12582312217417,6.6827132747475595,INF_00318,False
30227.457011307877,7.380827126587488,1032.734632143441,23.23235177352311,5.533814017530458,INF_00319,False
59006.34556087626,3.4789823038572707,1365.9930415780013,70.94630572147517,5.906262938283329,INF_00320,False
50062.171003712734,3.878491671824509,625.1619901847123,22.046276737631928,8.026905746320619,INF_00321,False
35003.73323430965,4.955504410301579,1882.9372313585436,36.745971832894725,5.0784954694513615,INF_00322,False
45283.41275650294,1.874231309320301,1905.8079363678082,88.45892388133154,8.128991100962017,INF_00323,False
46316.48506969557,5.457540057857876,1787.768645109051,72.54709523284845,6.94489790095771,INF_00324,False
44596.89741325808,6.934932545850021,2539.4395195148695,51.952079849908806,5.807604669557566,INF_00325,False
85426.82484535367,5.585867646994583,2599.2599182583467,31.18939568997567,6.416884927697309,INF_00326,False
48031.07995384241,1.8222048716425499,1914.8057883219444,39.41455386600214,5.982775658898358,INF_00327,False
45122.077796453246,4.752381411340681,932.6531662615721,51.46550629171393,7.866225200858529,INF_00328,False
8050.980847797167,6.484057805958981,2308.640790246129,50.75046464679197,7.7324278097628385,INF_00329,False
273670.65407208784,1.2440224680681844,1468.4700580279234,7.342350290139617,0.536582946025741,INF_00330,True
44738.53151087294,2.850467972364572,2154.6957850784725,49.38334971831631,6.5964078814806655,INF_00331,False
36282.94647646714,6.7530872081630395,2490.739874654058,45.71249780589772,6.136814337655723,INF_00332,False
119590.70943942292,5.540190868394573,401.17851000255826,2.005892550012791,0.3354595953841798,INF_00333,True
46701.244492075624,5.8239431642535076,3004.3776930925696,39.66978515678335,5.649900881873579,INF_00334,False
75768.88498636504,8.718989615246624,1520.286123429066,68.29248107973693,8.604229104685015,INF_00335,False
51234.09268100736,5.937105557012405,2374.611463600427,22.633314048977653,6.966705260483063,INF_00336,False
50744.55672843153,6.315776020866359,1156.3261527933241,46.20888976921443,5.838065593619913,INF_00337,False
48224.07104574998,10.421491054436652,1534.8676563649747,33.604921424583125,6.322725815990722,INF_00338,False
50075.925032429186,4.572390883819018,2758.184323362668,52.227008587962224,6.198381159231549,INF_00339,False
84375.90006099718,3.40423447276301,1869.550088499575,42.22733637866364,5.725381597984494,INF_00340,False
3607.7854649756337,5.855592796494266,2419.961302566399,79.54787329949338,7.094826859730376,INF_00341,False
9969.08511122642,5.87798205877779,2118.477694359623,60.13166308380508,5.7720844493081565,INF_00342,False
39136.58337887772,3.9465692161075836,1947.5209219999138,23.76393668445577,4.819633791261811,INF_00343,False
50290.55763875138,2.935205960890305,2681.925162466345,63.424560232273976,6.620323529151827,INF_00344,False
63802.088495280244,9.619688844180157,1881.6705876740498,34.50696287475874,5.197143803582117,INF_00345,False
59461.7439605495,5.653686940776046,1109.6309462182649,38.46007257244933,6.24783913193248,INF_00346,False
42315.0817423886,3.5354292371958485,1598.3799540241475,56.276380402142436,6.090897111396644,INF_00347,False
70380.87386483524,6.831860604559197,2275.595864350847,40.16505160539731,6.128783927974186,INF_00348,False
70603.90806305462,4.781709696877331,2197.754553181254,67.8571163264591,9.000963101590154,INF_00349,False
53681.15662543131,4.494237107364338,1216.470874882281,34.50979876973209,7.056411567169571,INF_00350,False
69253.15144973682,6.124545743828986,1637.8287402958995,37.621068948172734,7.245371008995332,INF_00351,False
55452.90526864258,2.41623546353662,1709.1393253988767,36.87258212903782,5.223601703657705,INF_00352,False
38770.33946434232,5.705254407834345,1817.2652029428875,38.68722503289922,6.346036866363078,INF_00353,False
63956.33678000009,8.825909615463505,1312.0432056992242,71.98383111095626,7.215302629941512,INF_00354,False
52212.26245157355,5.932355324394622,1685.8144459402606,62.575925872206064,5.975471087086993,INF_00355,False
50026.79693508974,4.2475757924330715,1635.6947573702364,84.19887908024143,7.908062843517985,INF_00356,False
79459.07144379149,3.985789439143516,2385.7666298809595,95.3528840779851,5.79730341409897,INF_00357,False
982.5574291982703,4.179320053309781,2404.560655495122,29.385659361353206,6.713633864134825,INF_00358,False
21646.316596808607,4.492074643904438,1927.094770955592,51.40838254654578,6.413948360024442,INF_00359,False
26258.5914725126,4.244386934483456,1803.9801020646341,26.47599366713134,7.164320659381916,INF_00360,False
108203.23990603871,23.0,3499.347417975626,69.98694835951252,3.2340504970224377,INF_00361,True
44907.836604679396,1.5335817935820337,1591.7124462722127,37.39834979488661,6.7291063729290626,INF_00362,False
19853.48704453905,6.724000100824268,1426.5839589162797,28.856902517234513,6.763869908222015,INF_00363,False
30296.839353783475,4.240626949714878,1529.8893955371416,28.962254542031726,6.265612242608699,INF_00364,False
263315.2278584683,5.7538955713907445,2039.2934127157846,10.196467063578924,0.7744684685733036,INF_00365,True
99148.48184151785,2.7460241795982725,1418.2631001038644,25.66563163227186,7.238388374837426,INF_00366,False
86034.83895494294,7.657262133698872,2081.0297795314373,66.84253918275266,6.911386054746833,INF_00367,False
41765.011646307015,7.491269920343746,2364.8578368918543,31.644929251649717,6.569541666538042,INF_00368,False
42728.33419386402,6.919181051500147,1206.450849600879,106.19137940192785,7.796544030519997,INF_00369,False
27015.920056234118,1.9704904484129213,2012.5643556080167,40.972310980712095,6.764165756185819,INF_00370,False
11837.391735494668,6.658242142132106,1890.0321023668323,51.44035283834104,6.693302712174063,INF_00371,False
47662.39627182952,5.809710175271418,2170.7543427684013,24.093176310679297,7.104690029888126,INF_00372,False
30042.960335119486,1.7894575057348647,1993.5306159482059,84.12183516255278,8.696586682970851,INF_00373,False
48302.98936675981,4.951405232458369,1273.2003600341845,72.39001361605833,5.659643791978796,INF_00374,False
17995.88301913045,5.729068978066525,1368.8053505714174,55.93831741472225,7.769856893055355,INF_00375,False
34760.51083379485,6.112150547646301,2014.7117877924863,23.063949024408686,5.106828838761895,INF_00376,False
52972.54190605662,5.354522733897712,2514.390459872755,54.213337554492405,7.217273158228624,INF_00377,False
57324.19195567875,5.582462833694759,892.9063144784986,27.5713790796549,8.57508282760873,INF_00378,False
58349.43917484029,7.947222784506192,2172.86328990079,79.24710526946721,7.4886685244673075,INF_00379,False
23590.220316859253,7.45206781982136,2594.8110026438217,66.18389463706345,7.170625078539793,INF_00380,False
67093.71460271123,0.7341099075654869,1923.4870618968935,51.90878076975472,6.439550531196924,INF_00381,False
33995.76606796299,4.365122890324636,2275.1012480132204,1.2724867350535547,7.031047200488554,INF_00382,False
62657.15829214613,4.6706979449120976,1648.4654595510988,30.33168042681939,6.747937184596644,INF_00383,False
49787.22646763614,1.4958028545460578,1940.3169003615617,63.75522263199745,6.214023392068644,INF_00384,False
22472.250018441042,5.188366116464624,1189.5432408459242,74.25767383446312,6.71012438452513,INF_00385,False
43676.04590837624,7.497515544821013,827.8283457905632,72.18339622984263,7.19838116062644,INF_00386,False
57307.27484127535,2.8268642808188194,2471.3829006126375,18.159739955170892,6.23278293146936,INF_00387,False
62259.30760949198,5.672801877379745,1507.502536137779,56.031046136258084,6.193718179315316,INF_00388,False
47180.24205111163,3.1683530454071245,1772.2360774982847,70.31030432965859,5.639756562407825,INF_00389,False
80635.57781202106,3.6561759526406465,1306.7788733649033,16.833288688355097,7.390725026088896,INF_00390,False
70150.21541973118,7.95478726834007,1295.015148458062,49.841909692535275,7.54532326196706,INF_00391,False
44866.91767200494,3.91488435977635,1913.0811499526917,55.476847966169125,7.2316604442365175,INF_00392,False
65002.43624273889,5.924424978021249,1635.2114029321767,43.984708303065304,7.9651704927286655,INF_00393,False
86796.1714898086,17.0,3795.4803744994547,75.9096074899891,4.372866117654867,INF_00394,True
89209.69201566055,8.72463512278976,2226.269209489796,43.48603779852543,7.3920109373657565,INF_00395,False
25440.00238355005,6.205304892612998,2160.4248231623037,43.45389139489952,7.303837425637563,INF_00396,False
31469.337776856988,4.635000314699477,2119.3003954642218,47.03855190904492,6.908459980581792,INF_00397,False
79698.37573467701,6.15109301999979,2788.884102465943,38.73057149149861,6.469178171870353,INF_00398,False
28834.378983247254,2.1803611421043794,1466.203115477557,41.13975693517065,9.21415261579191,INF_00399,False
245765.88241757898,7.769976192136785,8381.394454236579,165.68444949728573,4.553930621541166,INF_00400,False
220094.67466554762,1.8565423135116355,9469.422419281613,137.6985475165478,5.980190871671822,INF_00401,False
352081.17881401285,4.858541508343867,10272.400070830143,6.612714602837997,5.281173165643479,INF_00402,False
330222.52983540064,9.315622877109485,11814.374747651704,169.5710368393806,4.302442793403692,INF_00403,False
131425.0142867607,6.160969506601321,13242.568614852615,225.8550641789933,4.134060116167714,INF_00404,False
434721.39054764865,5.463815742042619,9116.95682941825,165.47447081458625,3.3525037009525613,INF_00405,False
288696.6509579,11.2026455809389,8631.531411653927,335.4766828470377,5.290733177866822,INF_00406,False
166688.26857411355,3.8581385608485688,11312.967020602919,200.9363068901104,4.645412452748642,INF_00407,False
442654.09372246487,4.605539926735498,11832.534749232564,290.37203386288945,2.6278044719364857,INF_00408,False
375081.06859153847,7.634159425144802,8697.398700223343,218.2994288910978,4.4642851272306,INF_00409,False
148254.9609662503,8.171364796161647,12371.180430898516,257.84851169252806,4.098965970745048,INF_00410,False
513261.9408309269,8.489029103022194,12938.756023467919,219.54690877534935,6.57567759217066,INF_00411,False
379055.6842039431,9.73371413370684,13875.05939697602,295.81492423324937,3.2972213881066903,INF_00412,False
298776.46612499445,7.595735862044551,15334.962720159467,203.91575450926806,3.558649200265946,INF_00413,False
490826.25667461357,8.468151816815228,7400.751584021684,234.728449566215,6.1099696431057,INF_00414,False
319115.73405955685,6.222372222054751,10041.694627997533,225.64330535550306,6.356763157463963,INF_00415,False
296630.03098751616,7.188094909710142,10033.83308985598,179.82001793108768,4.2550170612743585,INF_00416,False
220763.98607736133,7.322602540160903,9705.779294402477,228.34876232472737,4.367914177191089,INF_00417,False
369822.05271684943,7.645294407457108,8052.211241169592,356.40703723383774,5.6162353965533125,INF_00418,False
357192.3560788776,9.317619422748283,5543.313990306786,181.07221405331904,2.67290020305469,INF_00419,False
178318.6257422906,8.665437045834492,147.99436771596336,0.7399718385798169,0.08299434066402439,INF_00420,True
205201.63753588765,7.13265100870055,7694.9330213562625,288.044526560861,4.719266599149288,INF_00421,False
315591.5824999289,4.57262204517688,10257.980442242875,279.81772966609964,6.549890566129126,INF_00422,False
291624.1457085435,7.203013774188129,7617.86937490344,200.82014924035556,4.564269911833261,INF_00423,False
139983.08175189586,6.9159466453127685,6701.024962466976,33.16279079298468,5.100936791735155,INF_00424,False
123382.51784109772,7.579544739439595,10702.895081130693,236.16919730539263,6.133789272564012,INF_00425,False
367818.4054571723,13.619575921421205,10452.764580419487,44.63680189638632,7.106884733278147,INF_00426,False
12226.597806202655,5.428681664376294,11737.8459139628,302.8956061658862,4.423151526851687,INF_00427,False
324649.2632353512,8.266867057376079,16557.591299252876,211.86317098352825,4.983163276266574,INF_00428,False
242630.03306954107,10.205386201732894,10831.86859363254,269.9771813910392,6.8220552213428425,INF_00429,False
456989.59282558924,7.294005742298149,11455.245301192388,136.85222032732642,3.4778007248085716,INF_00430,False
240783.8149015349,14.013535357516496,6767.316013398024,91.3244768689962,6.027581070553822,INF_00431,False
379138.1057102275,5.8658821248055695,6139.277678390877,218.2528068898817,3.9816844676387415,INF_00432,False
252370.339051465,7.972267666960141,14748.48834032,197.64775920307005,5.102472367103156,INF_00433,False
313649.7784183372,4.603582765321054,7229.560660200089,165.5921421689984,4.757380952599726,INF_00434,False
388420.38371040614,5.94542579457012,6868.167785594074,205.92628965129347,4.041988399298771,INF_00435,False
244493.31404105038,7.746801731189974,9882.70323635034,393.72051244225815,4.016898072341725,INF_00436,False
419586.58613980847,9.53891218692319,9729.422759867835,258.416788315834,5.276414364253754,INF_00437,False
180756.254747222,7.957284502070722,7292.480480670125,273.46490241043233,5.995539328162682,INF_00438,False
335351.1411070055,10.777344548004208,9085.0803438607,259.0755824087349,4.870263796811496,INF_00439,False
410716.7667345423,6.715104068221985,13688.127152950314,303.5623500696535,5.070113158733216,INF_00440,False
379204.49901484017,6.003494410482984,7582.019173504607,186.69498289694786,5.571174066291047,INF_00441,False
529973.3852082492,15.11195532183816,5818.982546901485,56.166708462729446,4.02838122698704,INF_00442,False
208387.28192272072,8.182712948326092,12827.780862699377,186.7989706895793,5.739692508412923,INF_00443,False
134502.08983816946,4.841555362064357,11476.89073581411,256.8214996997551,5.819343097059747,INF_00444,False
180679.78698058566,4.917208713255794,8138.444138054016,132.11397234194484,7.6036262987504095,INF_00445,False
379253.1079858125,4.171960256405979,5253.498951619246,187.6543834657469,4.623895809440418,INF_00446,False
359750.75211232546,9.809708067570364,7766.12993068431,151.57611798983808,4.541918198331873,INF_00447,False
312270.7991576899,5.906868121320274,9835.886689452185,305.14204762901915,5.768965871573745,INF_00448,False
165245.15410714442,7.3820874269694565,13497.016269651456,252.46199107845945,5.819104168912139,INF_00449,False
392024.07519948727,6.809473976685194,6890.254075391029,245.60784344507712,4.464912846623288,INF_00450,False
153035.42668193515,9.194477223822805,9746.44035546558,243.512091918468,4.596837323069951,INF_00451,False
439073.94988522795,4.45976772134794,12025.433979684694,197.3925523213511,5.541130838218041,INF_00452,False
642892.6107767838,3.7732831415709533,2856.1979796342384,213.82893977692524,4.172415759265339,INF_00453,False
343974.1375885861,7.672891921544783,13101.3585038167,117.03707936273777,4.589466011984985,INF_00454,False
369972.97627892916,8.802877854099691,6452.648283380688,46.949061487460284,5.089592767368434,INF_00455,False
240856.82773253287,7.997596939292922,10995.986480370804,210.5056791241517,5.995938684822258,INF_00456,False
82774.40146958205,4.571638812708017,10740.049448832233,222.67931793905012,4.3954013838204595,INF_00457,False
227673.67643637332,9.032454526274181,13253.759174391535,284.6485197897764,3.157615537969328,INF_00458,False
168852.57106815008,4.768417218713097,11652.77314268062,309.99350712576575,3.083402532481789,INF_00459,False
126359.45083019813,5.43538406564085,2868.1285248100567,309.8998939499263,3.7405869332938666,INF_00460,False
506683.1930394779,4.168139425833994,7645.662258532026,130.13834846942854,3.6868322818000627,INF_00461,False
332743.5021630928,10.903475045956093,10414.61538805984,175.34144755351616,4.845389241380091,INF_00462,False
345562.509673678,8.900264623082048,9415.06034164064,233.62340071169658,3.811119846402395,INF_00463,False
262917.31617645005,8.81498012703662,11432.832189270312,377.2333274419524,4.297245040178796,INF_00464,False
279255.47010678763,10.74163426342735,12368.099667009115,303.6069442599741,4.22591411501795,INF_00465,False
415746.08186872,15.437947744716169,11825.355209289037,278.35780133988663,4.559492139152007,INF_00466,False
296119.54575657414,1.8723216882695333,9357.175172336605,172.85484311154966,6.322504331523122,INF_00467,False
363683.2725629679,4.784870257368675,4460.988966638559,138.17602581914127,5.6619475894305165,INF_00468,False
276479.4842585981,5.151474747476429,8633.556253435549,255.22355183682677,5.016129415276004,INF_00469,False
258941.65311215434,4.447541132851922,11249.104444416866,122.95371150359479,4.538973719419162,INF_00470,False
131170.30012777657,3.767250257188862,6728.658242348567,183.3094554313788,4.566767343376979,INF_00471,False
59679.988045538645,6.101040807833903,6017.787368825299,3008.8936844126497,10.083425895181888,INF_00472,True
268612.5718720318,3.350188854131785,12725.179891801914,311.50384623859657,5.584169073352291,INF_00473,False
306779.6030391879,8.005127102612239,10380.600928887528,175.17118879282256,4.092382493899399,INF_00474,False
145664.3955949451,7.155094964285844,808.6604010628125,29.252525299916925,5.036480755614232,INF_00475,False
295863.01619584404,8.443085994290966,6165.73491186459,235.31112533637278,2.968380431336973,INF_00476,False
306450.3075588602,8.523185354914757,15658.567475668246,151.06847028272514,5.211713784170597,INF_00477,False
41279.03927287451,8.809020560280029,8360.386620914865,202.98417171064227,5.762149241958686,INF_00478,False
190185.04086245986,5.879773189528353,4047.5703306130126,193.93067094105135,4.719931373119125,INF_00479,False
348871.6672482562,13.363430207901002,13705.742164930816,180.84072029275623,6.816526996140105,INF_00480,False
346447.04752748925,7.703293349446293,10040.06677463102,255.32384072492928,4.118761552563949,INF_00481,False
161559.01003202872,1.412545742125615,13314.821466873176,92.6994585153105,5.217440415303261,INF_00482,False
319013.7660599682,3.9928727627013476,10830.876025658095,163.8090042531948,4.964175253334044,INF_00483,False
422688.86704325664,1.7784910329165529,11375.677408636506,247.8826539182167,4.899702332556592,INF_00484,False
393248.7550789078,7.052003887453922,11089.02774314355,157.01406572589423,4.8856778319952525,INF_00485,False
288565.70555832784,6.634584327839999,12092.464935763,87.38353035110197,5.107105030009472,INF_00486,False
243842.8424010849,5.594722906301627,16832.291345668295,246.79887402797152,5.8479587434637,INF_00487,False
224478.66187985946,13.032778337201542,12913.019007877563,278.6166241309077,6.377736236274744,INF_00488,False
356138.3739491588,8.646948622230733,5258.982046463395,196.85033546498957,4.9977497554958425,INF_00489,False
323412.47677714657,9.178295084339004,11339.98454583671,62.74080810713272,5.815316072171633,INF_00490,False
375528.48073226406,4.20677953617369,13424.442304309654,249.41788226891714,4.298233053733218,INF_00491,False
315824.8575745382,4.002565326006963,13608.102419608438,83.80784830062184,5.765955452726233,INF_00492,False
398251.67404169304,7.110416497290864,8720.185050822702,221.6159493793716,4.238008476173009,INF_00493,False
311351.10395492404,7.519021418956678,13494.833335564383,137.8775322680488,6.090659936088132,INF_00494,False
394162.6459358024,1.4310652986566286,12783.227198653616,118.81124999631243,7.21064087739324,INF_00495,False
404498.7324439967,6.459078931451398,17717.55231090919,169.06629880442168,4.8779161120286085,INF_00496,False
203456.80437302237,7.042216248620514,7749.994791254465,187.16917105009182,2.8074565091925914,INF_00497,False
83022.71437551049,6.354552502686613,8477.798270798725,154.90542247294863,4.451927066755177,INF_00498,False
485219.1427217464,4.55982876295997,9081.642854620139,241.20922947506054,6.231875134289304,INF_00499,False
